"ID";"filename";"filename2"
"110_2020-10-07";"110_07-10-2020_B1_V3v4_S263_R1_001.fastq.gz";"110_07-10-2020_B1_V3v4_S263_R2_001.fastq.gz"
"110_2020-10-15";"110_15-10-2020_B1_V3v4_S367_R1_001.fastq.gz";"110_15-10-2020_B1_V3v4_S367_R2_001.fastq.gz"
"110_2020-09-16";"110_16-09-2020_B1_V3v4_S23_R1_001.fastq.gz";"110_16-09-2020_B1_V3v4_S23_R2_001.fastq.gz"
"110_2020-09-24";"110_24-09-2020_B1_S139_R1_001.fastq.gz";"110_24-09-2020_B1_S139_R2_001.fastq.gz"
"110_2020-08-25";"110_25-08-2020_nul_V3v4_S3_R1_001.fastq.gz";"110_25-08-2020_nul_V3v4_S3_R2_001.fastq.gz"
"110_2020-09-30";"110_30-09-2020_B1_V3v4_S267_R1_001.fastq.gz";"110_30-09-2020_B1_V3v4_S267_R2_001.fastq.gz"
"112_2020-10-07";"112_07-10-2020_B1_V3v4_S275_R1_001.fastq.gz";"112_07-10-2020_B1_V3v4_S275_R2_001.fastq.gz"
"112_2020-10-15";"112_15-10-2020_B1_V3v4_S379_R1_001.fastq.gz";"112_15-10-2020_B1_V3v4_S379_R2_001.fastq.gz"
"112_2020-09-16";"112_16-09-2020_B1_V3v4_S35_R1_001.fastq.gz";"112_16-09-2020_B1_V3v4_S35_R2_001.fastq.gz"
"112_2020-09-24";"112_24-09-2020_B1_S151_R1_001.fastq.gz";"112_24-09-2020_B1_S151_R2_001.fastq.gz"
"112_2020-08-25";"112_25-08-2020_nul_V3v4_S15_R1_001.fastq.gz";"112_25-08-2020_nul_V3v4_S15_R2_001.fastq.gz"
"112_2020-09-30";"112_30-09-2020_B1_V3v4_S279_R1_001.fastq.gz";"112_30-09-2020_B1_V3v4_S279_R2_001.fastq.gz"
"114_2020-10-07";"114_07-10-2020_A1_V3v4_S287_R1_001.fastq.gz";"114_07-10-2020_A1_V3v4_S287_R2_001.fastq.gz"
"114_2020-10-15";"114_15-10-2020_A1_V3v4_S296_R1_001.fastq.gz";"114_15-10-2020_A1_V3v4_S296_R2_001.fastq.gz"
"114_2020-09-16";"114_16-09-2020_A1_V3v4_S47_R1_001.fastq.gz";"114_16-09-2020_A1_V3v4_S47_R2_001.fastq.gz"
"114_2020-09-24";"114_24-09-2020_A1_S163_R1_001.fastq.gz";"114_24-09-2020_A1_S163_R2_001.fastq.gz"
"114_2020-08-25";"114_25-08-2020_nul_V3v4_S27_R1_001.fastq.gz";"114_25-08-2020_nul_V3v4_S27_R2_001.fastq.gz"
"114_2020-09-30";"114_30-09-2020_A1_V3v4_S196_R1_001.fastq.gz";"114_30-09-2020_A1_V3v4_S196_R2_001.fastq.gz"
"123_2020-10-07";"123_07-10-2020_A1_V3v4_S204_R1_001.fastq.gz";"123_07-10-2020_A1_V3v4_S204_R2_001.fastq.gz"
"123_2020-10-15";"123_15-10-2020_A1_V3v4_S308_R1_001.fastq.gz";"123_15-10-2020_A1_V3v4_S308_R2_001.fastq.gz"
"123_2020-09-16";"123_16-09-2020_A1_V3v4_S59_R1_001.fastq.gz";"123_16-09-2020_A1_V3v4_S59_R2_001.fastq.gz"
"123_2020-09-24";"123_24-09-2020_A1_S175_R1_001.fastq.gz";"123_24-09-2020_A1_S175_R2_001.fastq.gz"
"123_2020-08-25";"123_25-08-2020_nul_V3v4_S39_R1_001.fastq.gz";"123_25-08-2020_nul_V3v4_S39_R2_001.fastq.gz"
"123_2020-09-30";"123_30-09-2020_A1_V3v4_S208_R1_001.fastq.gz";"123_30-09-2020_A1_V3v4_S208_R2_001.fastq.gz"
"13_2020-10-07";"13_07-10-2020_C1_V3v4_S225_R1_001.fastq.gz";"13_07-10-2020_C1_V3v4_S225_R2_001.fastq.gz"
"13_2020-10-15";"13_15-10-2020_C1_V3v4_S329_R1_001.fastq.gz";"13_15-10-2020_C1_V3v4_S329_R2_001.fastq.gz"
"13_2020-09-16";"13_16-09-2020_C1_V3v4_S68_R1_001.fastq.gz";"13_16-09-2020_C1_V3v4_S68_R2_001.fastq.gz"
"13_2020-09-24";"13_24-09-2020_C1_S184_R1_001.fastq.gz";"13_24-09-2020_C1_S184_R2_001.fastq.gz"
"13_2020-08-25";"";""
"13_2020-09-30";"13_30-09-2020_C1_V3v4_S229_R1_001.fastq.gz";"13_30-09-2020_C1_V3v4_S229_R2_001.fastq.gz"
"143_2020-10-07";"143_07-10-2020_A1_V3v4_S216_R1_001.fastq.gz";"143_07-10-2020_A1_V3v4_S216_R2_001.fastq.gz"
"143_2020-10-15";"143_15-10-2020_A1_V3v4_S320_R1_001.fastq.gz";"143_15-10-2020_A1_V3v4_S320_R2_001.fastq.gz"
"143_2020-09-24";"143_24-09-2020_A1_S187_R1_001.fastq.gz";"143_24-09-2020_A1_S187_R2_001.fastq.gz"
"143_2020-08-25";"143_25-08-2020_nul_V3v4_S51_R1_001.fastq.gz";"143_25-08-2020_nul_V3v4_S51_R2_001.fastq.gz"
"143_2020-09-30";"143_30-09-2020_A1_V3v4_S220_R1_001.fastq.gz";"143_30-09-2020_A1_V3v4_S220_R2_001.fastq.gz"
"149_2020-10-07";"149_07-10-2020_B1_V3v4_S228_R1_001.fastq.gz";"149_07-10-2020_B1_V3v4_S228_R2_001.fastq.gz"
"149_2020-10-15";"149_15-10-2020_B1_V3v4_S332_R1_001.fastq.gz";"149_15-10-2020_B1_V3v4_S332_R2_001.fastq.gz"
"149_2020-09-16";"149_16-09-2020_B1_V3v4_S71_R1_001.fastq.gz";"149_16-09-2020_B1_V3v4_S71_R2_001.fastq.gz"
"149_2020-09-24";"149_24-09-2020_B1_S104_R1_001.fastq.gz";"149_24-09-2020_B1_S104_R2_001.fastq.gz"
"149_2020-08-25";"149_25-08-2020_nul_V3v4_S63_R1_001.fastq.gz";"149_25-08-2020_nul_V3v4_S63_R2_001.fastq.gz"
"149_2020-09-30";"149_30-09-2020_B1_V3v4_S232_R1_001.fastq.gz";"149_30-09-2020_B1_V3v4_S232_R2_001.fastq.gz"
"151_2020-10-07";"151_07-10-2020_B1_V3v4_S240_R1_001.fastq.gz";"151_07-10-2020_B1_V3v4_S240_R2_001.fastq.gz"
"151_2020-10-15";"151_15-10-2020_B1_V3v4_S344_R1_001.fastq.gz";"151_15-10-2020_B1_V3v4_S344_R2_001.fastq.gz"
"151_2020-09-16";"151_16-09-2020_B1_V3v4_S83_R1_001.fastq.gz";"151_16-09-2020_B1_V3v4_S83_R2_001.fastq.gz"
"151_2020-09-24";"151_24-09-2020_B1_S116_R1_001.fastq.gz";"151_24-09-2020_B1_S116_R2_001.fastq.gz"
"151_2020-08-25";"151_25-08-2020_nul_V3v4_S75_R1_001.fastq.gz";"151_25-08-2020_nul_V3v4_S75_R2_001.fastq.gz"
"151_2020-09-30";"151_30-09-2020_B1_V3v4_S244_R1_001.fastq.gz";"151_30-09-2020_B1_V3v4_S244_R2_001.fastq.gz"
"156_2020-10-07";"156_07-10-2020_A1_V3v4_S252_R1_001.fastq.gz";"156_07-10-2020_A1_V3v4_S252_R2_001.fastq.gz"
"156_2020-10-15";"156_15-10-2020_A1_V3v4_S356_R1_001.fastq.gz";"156_15-10-2020_A1_V3v4_S356_R2_001.fastq.gz"
"156_2020-09-16";"156_16-09-2020_A1_V3v4_S95_R1_001.fastq.gz";"156_16-09-2020_A1_V3v4_S95_R2_001.fastq.gz"
"156_2020-09-24";"156_24-09-2020_A1_S128_R1_001.fastq.gz";"156_24-09-2020_A1_S128_R2_001.fastq.gz"
"156_2020-08-25";"156_25-08-2020_nul_V3v4_S87_R1_001.fastq.gz";"156_25-08-2020_nul_V3v4_S87_R2_001.fastq.gz"
"156_2020-09-30";"156_30-09-2020_A1_V3v4_S256_R1_001.fastq.gz";"156_30-09-2020_A1_V3v4_S256_R2_001.fastq.gz"
"158_2020-10-07";"158_07-10-2020_B1_V3v4_S289_R1_001.fastq.gz";"158_07-10-2020_B1_V3v4_S289_R2_001.fastq.gz"
"158_2020-10-15";"158_15-10-2020_B1_V3v4_S368_R1_001.fastq.gz";"158_15-10-2020_B1_V3v4_S368_R2_001.fastq.gz"
"158_2020-09-16";"158_16-09-2020_B1_V3v4_S12_R1_001.fastq.gz";"158_16-09-2020_B1_V3v4_S12_R2_001.fastq.gz"
"158_2020-09-24";"158_24-09-2020_B1_S140_R1_001.fastq.gz";"158_24-09-2020_B1_S140_R2_001.fastq.gz"
"158_2020-08-25";"158_25-08-2020_nul_V3v4_S4_R1_001.fastq.gz";"158_25-08-2020_nul_V3v4_S4_R2_001.fastq.gz"
"158_2020-09-30";"158_30-09-2020_B1_V3v4_S268_R1_001.fastq.gz";"158_30-09-2020_B1_V3v4_S268_R2_001.fastq.gz"
"16_2020-10-07";"16_07-10-2020_B1_V3v4_S237_R1_001.fastq.gz";"16_07-10-2020_B1_V3v4_S237_R2_001.fastq.gz"
"16_2020-10-15";"16_15-10-2020_B1_V3v4_S341_R1_001.fastq.gz";"16_15-10-2020_B1_V3v4_S341_R2_001.fastq.gz"
"16_2020-09-16";"16_16-09-2020_B1_V3v4_S80_R1_001.fastq.gz";"16_16-09-2020_B1_V3v4_S80_R2_001.fastq.gz"
"16_2020-09-24";"16_24-09-2020_B1_S101_R1_001.fastq.gz";"16_24-09-2020_B1_S101_R2_001.fastq.gz"
"16_2020-09-30";"16_30-09-2020_B1_V3v4_S241_R1_001.fastq.gz";"16_30-09-2020_B1_V3v4_S241_R2_001.fastq.gz"
"160_2020-10-07";"160_07-10-2020_B1_V3v4_S301_R1_001.fastq.gz";"160_07-10-2020_B1_V3v4_S301_R2_001.fastq.gz"
"160_2020-10-15";"160_15-10-2020_B1_V3v4_S380_R1_001.fastq.gz";"160_15-10-2020_B1_V3v4_S380_R2_001.fastq.gz"
"160_2020-09-16";"160_16-09-2020_B1_V3v4_S24_R1_001.fastq.gz";"160_16-09-2020_B1_V3v4_S24_R2_001.fastq.gz"
"160_2020-09-24";"160_24-09-2020_B1_S152_R1_001.fastq.gz";"160_24-09-2020_B1_S152_R2_001.fastq.gz"
"160_2020-08-25";"160_25-08-2020_nul_V3v4_S16_R1_001.fastq.gz";"160_25-08-2020_nul_V3v4_S16_R2_001.fastq.gz"
"160_2020-09-30";"160_30-09-2020_B1_V3v4_S280_R1_001.fastq.gz";"160_30-09-2020_B1_V3v4_S280_R2_001.fastq.gz"
"17_2020-10-07";"17_07-10-2020_C1_V3v4_S249_R1_001.fastq.gz";"17_07-10-2020_C1_V3v4_S249_R2_001.fastq.gz"
"17_2020-10-15";"17_15-10-2020_C1_V3v4_S353_R1_001.fastq.gz";"17_15-10-2020_C1_V3v4_S353_R2_001.fastq.gz"
"17_2020-09-16";"17_16-09-2020_C1_V3v4_S92_R1_001.fastq.gz";"17_16-09-2020_C1_V3v4_S92_R2_001.fastq.gz"
"17_2020-09-24";"17_24-09-2020_C1_S113_R1_001.fastq.gz";"17_24-09-2020_C1_S113_R2_001.fastq.gz"
"17_2020-08-25";"";""
"17_2020-09-30";"17_30-09-2020_C1_V3v4_S253_R1_001.fastq.gz";"17_30-09-2020_C1_V3v4_S253_R2_001.fastq.gz"
"170_2020-10-07";"170_07-10-2020_B1_V3v4_S313_R1_001.fastq.gz";"170_07-10-2020_B1_V3v4_S313_R2_001.fastq.gz"
"170_2020-10-15";"170_15-10-2020_B1_V3v4_S297_R1_001.fastq.gz";"170_15-10-2020_B1_V3v4_S297_R2_001.fastq.gz"
"170_2020-09-16";"170_16-09-2020_B1_V3v4_S36_R1_001.fastq.gz";"170_16-09-2020_B1_V3v4_S36_R2_001.fastq.gz"
"170_2020-09-24";"170_24-09-2020_B1_S164_R1_001.fastq.gz";"170_24-09-2020_B1_S164_R2_001.fastq.gz"
"170_2020-08-25";"170_25-08-2020_nul_V3v4_S28_R1_001.fastq.gz";"170_25-08-2020_nul_V3v4_S28_R2_001.fastq.gz"
"170_2020-09-30";"170_30-09-2020_B1_V3v4_S197_R1_001.fastq.gz";"170_30-09-2020_B1_V3v4_S197_R2_001.fastq.gz"
"173_2020-10-07";"173_07-10-2020_B1_V3v4_S325_R1_001.fastq.gz";"173_07-10-2020_B1_V3v4_S325_R2_001.fastq.gz"
"173_2020-10-15";"173_15-10-2020_B1_V3v4_S309_R1_001.fastq.gz";"173_15-10-2020_B1_V3v4_S309_R2_001.fastq.gz"
"173_2020-09-16";"173_16-09-2020_B1_V3v4_S48_R1_001.fastq.gz";"173_16-09-2020_B1_V3v4_S48_R2_001.fastq.gz"
"173_2020-09-24";"173_24-09-2020_B1_S176_R1_001.fastq.gz";"173_24-09-2020_B1_S176_R2_001.fastq.gz"
"173_2020-08-25";"173_25-08-2020_nul_V3v4_S40_R1_001.fastq.gz";"173_25-08-2020_nul_V3v4_S40_R2_001.fastq.gz"
"173_2020-09-30";"173_30-09-2020_B1_V3v4_S209_R1_001.fastq.gz";"173_30-09-2020_B1_V3v4_S209_R2_001.fastq.gz"
"177_2020-10-07";"177_07-10-2020_A1_V3v4_S337_R1_001.fastq.gz";"177_07-10-2020_A1_V3v4_S337_R2_001.fastq.gz"
"177_2020-10-15";"177_15-10-2020_A1_V3v4_S321_R1_001.fastq.gz";"177_15-10-2020_A1_V3v4_S321_R2_001.fastq.gz"
"177_2020-09-16";"177_16-09-2020_A1_V3v4_S60_R1_001.fastq.gz";"177_16-09-2020_A1_V3v4_S60_R2_001.fastq.gz"
"177_2020-09-24";"177_24-09-2020_A1_S188_R1_001.fastq.gz";"177_24-09-2020_A1_S188_R2_001.fastq.gz"
"177_2020-08-25";"177_25-08-2020_nul_V3v4_S52_R1_001.fastq.gz";"177_25-08-2020_nul_V3v4_S52_R2_001.fastq.gz"
"177_2020-09-30";"177_30-09-2020_A1_V3v4_S221_R1_001.fastq.gz";"177_30-09-2020_A1_V3v4_S221_R2_001.fastq.gz"
"191_2020-10-07";"191_07-10-2020_A1_V3v4_S349_R1_001.fastq.gz";"191_07-10-2020_A1_V3v4_S349_R2_001.fastq.gz"
"191_2020-10-15";"191_15-10-2020_A1_V3v4_S333_R1_001.fastq.gz";"191_15-10-2020_A1_V3v4_S333_R2_001.fastq.gz"
"191_2020-09-16";"191_16-09-2020_A1_S97_R1_001.fastq.gz";"191_16-09-2020_A1_S97_R2_001.fastq.gz"
"191_2020-09-24";"191_24-09-2020_A1_S105_R1_001.fastq.gz";"191_24-09-2020_A1_S105_R2_001.fastq.gz"
"191_2020-08-25";"191_25-08-2020_nul_V3v4_S64_R1_001.fastq.gz";"191_25-08-2020_nul_V3v4_S64_R2_001.fastq.gz"
"191_2020-09-30";"191_30-09-2020_A1_V3v4_S233_R1_001.fastq.gz";"191_30-09-2020_A1_V3v4_S233_R2_001.fastq.gz"
"192_2020-10-07";"192_07-10-2020_B1_V3v4_S361_R1_001.fastq.gz";"192_07-10-2020_B1_V3v4_S361_R2_001.fastq.gz"
"192_2020-10-15";"192_15-10-2020_B1_V3v4_S345_R1_001.fastq.gz";"192_15-10-2020_B1_V3v4_S345_R2_001.fastq.gz"
"192_2020-09-16";"192_16-09-2020_B1_S109_R1_001.fastq.gz";"192_16-09-2020_B1_S109_R2_001.fastq.gz"
"192_2020-09-24";"192_24-09-2020_B1_S117_R1_001.fastq.gz";"192_24-09-2020_B1_S117_R2_001.fastq.gz"
"192_2020-08-25";"192_25-08-2020_nul_V3v4_S76_R1_001.fastq.gz";"192_25-08-2020_nul_V3v4_S76_R2_001.fastq.gz"
"192_2020-09-30";"192_30-09-2020_B1_V3v4_S245_R1_001.fastq.gz";"192_30-09-2020_B1_V3v4_S245_R2_001.fastq.gz"
"214_2020-10-07";"214_07-10-2020_B1_V3v4_S373_R1_001.fastq.gz";"214_07-10-2020_B1_V3v4_S373_R2_001.fastq.gz"
"214_2020-10-15";"214_15-10-2020_B1_V3v4_S357_R1_001.fastq.gz";"214_15-10-2020_B1_V3v4_S357_R2_001.fastq.gz"
"214_2020-09-16";"214_16-09-2020_B1_S121_R1_001.fastq.gz";"214_16-09-2020_B1_S121_R2_001.fastq.gz"
"214_2020-09-24";"214_24-09-2020_B1_S129_R1_001.fastq.gz";"214_24-09-2020_B1_S129_R2_001.fastq.gz"
"214_2020-08-25";"214_26-08-2020_nul_V3v4_S88_R1_001.fastq.gz";"214_26-08-2020_nul_V3v4_S88_R2_001.fastq.gz"
"214_2020-09-30";"214_30-09-2020_B1_V3v4_S257_R1_001.fastq.gz";"214_30-09-2020_B1_V3v4_S257_R2_001.fastq.gz"
"223_2020-10-07";"223_07-10-2020_B1_V3v4_S290_R1_001.fastq.gz";"223_07-10-2020_B1_V3v4_S290_R2_001.fastq.gz"
"223_2020-10-15";"223_15-10-2020_B1_V3v4_S369_R1_001.fastq.gz";"223_15-10-2020_B1_V3v4_S369_R2_001.fastq.gz"
"223_2020-09-16";"223_16-09-2020_B1_S133_R1_001.fastq.gz";"223_16-09-2020_B1_S133_R2_001.fastq.gz"
"223_2020-09-24";"223_24-09-2020_B1_S141_R1_001.fastq.gz";"223_24-09-2020_B1_S141_R2_001.fastq.gz"
"223_2020-08-25";"223_26-08-2020_nul_V3v4_S5_R1_001.fastq.gz";"223_26-08-2020_nul_V3v4_S5_R2_001.fastq.gz"
"223_2020-09-30";"223_30-09-2020_B1_V3v4_S269_R1_001.fastq.gz";"223_30-09-2020_B1_V3v4_S269_R2_001.fastq.gz"
"235_2020-10-07";"235_07-10-2020_A1_V3v4_S302_R1_001.fastq.gz";"235_07-10-2020_A1_V3v4_S302_R2_001.fastq.gz"
"235_2020-10-15";"235_15-10-2020_A1_V3v4_S381_R1_001.fastq.gz";"235_15-10-2020_A1_V3v4_S381_R2_001.fastq.gz"
"235_2020-09-16";"235_16-09-2020_A1_S145_R1_001.fastq.gz";"235_16-09-2020_A1_S145_R2_001.fastq.gz"
"235_2020-09-24";"235_24-09-2020_C2_S165_R1_001.fastq.gz";"235_24-09-2020_C2_S165_R2_001.fastq.gz"
"235_2020-08-25";"235_26-08-2020_nul_V3v4_S17_R1_001.fastq.gz";"235_26-08-2020_nul_V3v4_S17_R2_001.fastq.gz"
"235_2020-09-30";"235_30-09-2020_A1_V3v4_S281_R1_001.fastq.gz";"235_30-09-2020_A1_V3v4_S281_R2_001.fastq.gz"
"236_2020-10-07";"236_07-10-2020_B1_V3v4_S314_R1_001.fastq.gz";"236_07-10-2020_B1_V3v4_S314_R2_001.fastq.gz"
"236_2020-10-15";"236_15-10-2020_B1_V3v4_S298_R1_001.fastq.gz";"236_15-10-2020_B1_V3v4_S298_R2_001.fastq.gz"
"236_2020-09-16";"236_16-09-2020_B1_S157_R1_001.fastq.gz";"236_16-09-2020_B1_S157_R2_001.fastq.gz"
"236_2020-09-24";"236_24-09-2020_B1_S177_R1_001.fastq.gz";"236_24-09-2020_B1_S177_R2_001.fastq.gz"
"236_2020-08-25";"236_26-08-2020_nul_V3v4_S29_R1_001.fastq.gz";"236_26-08-2020_nul_V3v4_S29_R2_001.fastq.gz"
"236_2020-09-30";"236_30-09-2020_B1_V3v4_S198_R1_001.fastq.gz";"236_30-09-2020_B1_V3v4_S198_R2_001.fastq.gz"
"247_2020-10-07";"247_07-10-2020_B1_V3v4_S326_R1_001.fastq.gz";"247_07-10-2020_B1_V3v4_S326_R2_001.fastq.gz"
"247_2020-10-15";"247_15-10-2020_B1_V3v4_S310_R1_001.fastq.gz";"247_15-10-2020_B1_V3v4_S310_R2_001.fastq.gz"
"247_2020-09-16";"247_16-09-2020_B1_S169_R1_001.fastq.gz";"247_16-09-2020_B1_S169_R2_001.fastq.gz"
"247_2020-09-24";"247_24-09-2020_B1_S189_R1_001.fastq.gz";"247_24-09-2020_B1_S189_R2_001.fastq.gz"
"247_2020-08-25";"247_26-08-2020_nul_V3v4_S41_R1_001.fastq.gz";"247_26-08-2020_nul_V3v4_S41_R2_001.fastq.gz"
"247_2020-09-30";"247_30-09-2020_B1_V3v4_S210_R1_001.fastq.gz";"247_30-09-2020_B1_V3v4_S210_R2_001.fastq.gz"
"248_2020-10-07";"248_07-10-2020_B1_V3v4_S338_R1_001.fastq.gz";"248_07-10-2020_B1_V3v4_S338_R2_001.fastq.gz"
"248_2020-10-15";"248_15-10-2020_B1_V3v4_S322_R1_001.fastq.gz";"248_15-10-2020_B1_V3v4_S322_R2_001.fastq.gz"
"248_2020-09-16";"248_16-09-2020_B1_S181_R1_001.fastq.gz";"248_16-09-2020_B1_S181_R2_001.fastq.gz"
"248_2020-09-24";"248_24-09-2020_B1_S106_R1_001.fastq.gz";"248_24-09-2020_B1_S106_R2_001.fastq.gz"
"248_2020-08-25";"248_26-08-2020_nul_V3v4_S53_R1_001.fastq.gz";"248_26-08-2020_nul_V3v4_S53_R2_001.fastq.gz"
"248_2020-09-30";"248_30-09-2020_B1_V3v4_S222_R1_001.fastq.gz";"248_30-09-2020_B1_V3v4_S222_R2_001.fastq.gz"
"259_2020-10-07";"259_07-10-2020_B1_V3v4_S350_R1_001.fastq.gz";"259_07-10-2020_B1_V3v4_S350_R2_001.fastq.gz"
"259_2020-10-15";"259_15-10-2020_B1_V3v4_S334_R1_001.fastq.gz";"259_15-10-2020_B1_V3v4_S334_R2_001.fastq.gz"
"259_2020-09-16";"259_16-09-2020_B1_S98_R1_001.fastq.gz";"259_16-09-2020_B1_S98_R2_001.fastq.gz"
"259_2020-09-24";"259_24-09-2020_B1_S118_R1_001.fastq.gz";"259_24-09-2020_B1_S118_R2_001.fastq.gz"
"259_2020-08-25";"259_26-08-2020_nul_V3v4_S65_R1_001.fastq.gz";"259_26-08-2020_nul_V3v4_S65_R2_001.fastq.gz"
"259_2020-09-30";"259_30-09-2020_B1_V3v4_S234_R1_001.fastq.gz";"259_30-09-2020_B1_V3v4_S234_R2_001.fastq.gz"
"26_2020-10-07";"26_07-10-2020_C1_V3v4_S261_R1_001.fastq.gz";"26_07-10-2020_C1_V3v4_S261_R2_001.fastq.gz"
"26_2020-10-15";"26_15-10-2020_C1_V3v4_S365_R1_001.fastq.gz";"26_15-10-2020_C1_V3v4_S365_R2_001.fastq.gz"
"26_2020-09-16";"26_16-09-2020_C1_V3v4_S9_R1_001.fastq.gz";"26_16-09-2020_C1_V3v4_S9_R2_001.fastq.gz"
"26_2020-09-24";"26_24-09-2020_C1_S125_R1_001.fastq.gz";"26_24-09-2020_C1_S125_R2_001.fastq.gz"
"26_2020-08-25";"";""
"26_2020-09-30";"26_30-09-2020_C1_V3v4_S265_R1_001.fastq.gz";"26_30-09-2020_C1_V3v4_S265_R2_001.fastq.gz"
"260_2020-10-07";"260_07-10-2020_A1_V3v4_S362_R1_001.fastq.gz";"260_07-10-2020_A1_V3v4_S362_R2_001.fastq.gz"
"260_2020-09-16";"260_16-09-2020_A1_S110_R1_001.fastq.gz";"260_16-09-2020_A1_S110_R2_001.fastq.gz"
"260_2020-09-24";"260_24-09-2020_A1_S130_R1_001.fastq.gz";"260_24-09-2020_A1_S130_R2_001.fastq.gz"
"260_2020-08-25";"260_26-08-2020_nul_V3v4_S77_R1_001.fastq.gz";"260_26-08-2020_nul_V3v4_S77_R2_001.fastq.gz"
"260_2020-09-30";"260_30-09-2020_A1_V3v4_S246_R1_001.fastq.gz";"260_30-09-2020_A1_V3v4_S246_R2_001.fastq.gz"
"264_2020-09-16";"264_16-09-2020_A1_S122_R1_001.fastq.gz";"264_16-09-2020_A1_S122_R2_001.fastq.gz"
"264_2020-09-24";"264_24-09-2020_A1_S142_R1_001.fastq.gz";"264_24-09-2020_A1_S142_R2_001.fastq.gz"
"264_2020-08-25";"264_26-08-2020_nul_V3v4_S89_R1_001.fastq.gz";"264_26-08-2020_nul_V3v4_S89_R2_001.fastq.gz"
"264_2020-09-30";"264_30-09-2020_A1_V3v4_S258_R1_001.fastq.gz";"264_30-09-2020_A1_V3v4_S258_R2_001.fastq.gz"
"269_2020-10-07";"269_07-10-2020_B1_V3v4_S374_R1_001.fastq.gz";"269_07-10-2020_B1_V3v4_S374_R2_001.fastq.gz"
"269_2020-10-15";"269_15-10-2020_B1_V3v4_S346_R1_001.fastq.gz";"269_15-10-2020_B1_V3v4_S346_R2_001.fastq.gz"
"269_2020-09-16";"269_16-09-2020_B1_S134_R1_001.fastq.gz";"269_16-09-2020_B1_S134_R2_001.fastq.gz"
"269_2020-09-24";"269_24-09-2020_B1_S154_R1_001.fastq.gz";"269_24-09-2020_B1_S154_R2_001.fastq.gz"
"269_2020-08-25";"269_26-08-2020_nul_V3v4_S6_R1_001.fastq.gz";"269_26-08-2020_nul_V3v4_S6_R2_001.fastq.gz"
"269_2020-09-30";"269_30-09-2020_B1_V3v4_S270_R1_001.fastq.gz";"269_30-09-2020_B1_V3v4_S270_R2_001.fastq.gz"
"275_2020-10-07";"275_07-10-2020_B1_V3v4_S291_R1_001.fastq.gz";"275_07-10-2020_B1_V3v4_S291_R2_001.fastq.gz"
"275_2020-10-15";"275_15-10-2020_B1_V3v4_S358_R1_001.fastq.gz";"275_15-10-2020_B1_V3v4_S358_R2_001.fastq.gz"
"275_2020-09-16";"275_16-09-2020_B1_S146_R1_001.fastq.gz";"275_16-09-2020_B1_S146_R2_001.fastq.gz"
"275_2020-09-24";"275_24-09-2020_B1_S166_R1_001.fastq.gz";"275_24-09-2020_B1_S166_R2_001.fastq.gz"
"275_2020-08-25";"275_26-08-2020_nul_V3v4_S18_R1_001.fastq.gz";"275_26-08-2020_nul_V3v4_S18_R2_001.fastq.gz"
"275_2020-09-30";"275_30-09-2020_B1_V3v4_S282_R1_001.fastq.gz";"275_30-09-2020_B1_V3v4_S282_R2_001.fastq.gz"
"276_2020-10-07";"276_07-10-2020_B1_V3v4_S303_R1_001.fastq.gz";"276_07-10-2020_B1_V3v4_S303_R2_001.fastq.gz"
"276_2020-10-15";"276_15-10-2020_B1_V3v4_S370_R1_001.fastq.gz";"276_15-10-2020_B1_V3v4_S370_R2_001.fastq.gz"
"276_2020-09-16";"276_16-09-2020_B1_S158_R1_001.fastq.gz";"276_16-09-2020_B1_S158_R2_001.fastq.gz"
"276_2020-09-24";"276_24-09-2020_B1_S178_R1_001.fastq.gz";"276_24-09-2020_B1_S178_R2_001.fastq.gz"
"276_2020-08-25";"276_26-08-2020_nul_V3v4_S30_R1_001.fastq.gz";"276_26-08-2020_nul_V3v4_S30_R2_001.fastq.gz"
"276_2020-09-30";"276_30-09-2020_B1_V3v4_S199_R1_001.fastq.gz";"276_30-09-2020_B1_V3v4_S199_R2_001.fastq.gz"
"277_2020-10-07";"277_07-10-2020_A1_V3v4_S315_R1_001.fastq.gz";"277_07-10-2020_A1_V3v4_S315_R2_001.fastq.gz"
"277_2020-10-15";"277_15-10-2020_A1_V3v4_S382_R1_001.fastq.gz";"277_15-10-2020_A1_V3v4_S382_R2_001.fastq.gz"
"277_2020-09-16";"277_16-09-2020_A1_S170_R1_001.fastq.gz";"277_16-09-2020_A1_S170_R2_001.fastq.gz"
"277_2020-09-24";"277_24-09-2020_A1_S190_R1_001.fastq.gz";"277_24-09-2020_A1_S190_R2_001.fastq.gz"
"277_2020-08-25";"277_26-08-2020_nul_V3v4_S42_R1_001.fastq.gz";"277_26-08-2020_nul_V3v4_S42_R2_001.fastq.gz"
"277_2020-09-30";"277_30-09-2020_A1_V3v4_S211_R1_001.fastq.gz";"277_30-09-2020_A1_V3v4_S211_R2_001.fastq.gz"
"278_2020-09-16";"278_16-09-2020_B1_S182_R1_001.fastq.gz";"278_16-09-2020_B1_S182_R2_001.fastq.gz"
"278_2020-09-24";"278_24-09-2020_B1_S107_R1_001.fastq.gz";"278_24-09-2020_B1_S107_R2_001.fastq.gz"
"278_2020-08-25";"278_26-08-2020_nul_V3v4_S54_R1_001.fastq.gz";"278_26-08-2020_nul_V3v4_S54_R2_001.fastq.gz"
"279_2020-10-07";"279_07-10-2020_B1_V3v4_S327_R1_001.fastq.gz";"279_07-10-2020_B1_V3v4_S327_R2_001.fastq.gz"
"279_2020-09-16";"279_16-09-2020_B1_S99_R1_001.fastq.gz";"279_16-09-2020_B1_S99_R2_001.fastq.gz"
"279_2020-09-24";"279_24-09-2020_B1_S119_R1_001.fastq.gz";"279_24-09-2020_B1_S119_R2_001.fastq.gz"
"279_2020-08-25";"279_26-08-2020_nul_V3v4_S66_R1_001.fastq.gz";"279_26-08-2020_nul_V3v4_S66_R2_001.fastq.gz"
"279_2020-09-30";"279_30-09-2020_B1_V3v4_S223_R1_001.fastq.gz";"279_30-09-2020_B1_V3v4_S223_R2_001.fastq.gz"
"280_2020-10-07";"280_07-10-2020_A1_V3v4_S339_R1_001.fastq.gz";"280_07-10-2020_A1_V3v4_S339_R2_001.fastq.gz"
"280_2020-10-15";"280_15-10-2020_A1_V3v4_S299_R1_001.fastq.gz";"280_15-10-2020_A1_V3v4_S299_R2_001.fastq.gz"
"280_2020-08-25";"280_26-08-2020_nul_V3v4_S78_R1_001.fastq.gz";"280_26-08-2020_nul_V3v4_S78_R2_001.fastq.gz"
"280_2020-09-30";"280_30-09-2020_A1_V3v4_S235_R1_001.fastq.gz";"280_30-09-2020_A1_V3v4_S235_R2_001.fastq.gz"
"29_2020-10-07";"29_07-10-2020_C1_V3v4_S273_R1_001.fastq.gz";"29_07-10-2020_C1_V3v4_S273_R2_001.fastq.gz"
"29_2020-10-15";"29_15-10-2020_C1_V3v4_S377_R1_001.fastq.gz";"29_15-10-2020_C1_V3v4_S377_R2_001.fastq.gz"
"29_2020-09-16";"29_16-09-2020_C1_V3v4_S21_R1_001.fastq.gz";"29_16-09-2020_C1_V3v4_S21_R2_001.fastq.gz"
"29_2020-09-24";"29_24-09-2020_C1_S137_R1_001.fastq.gz";"29_24-09-2020_C1_S137_R2_001.fastq.gz"
"29_2020-08-25";"29_25-08-2020_nul_V3v4_S1_R1_001.fastq.gz";"29_25-08-2020_nul_V3v4_S1_R2_001.fastq.gz"
"29_2020-09-30";"29_30-09-2020_C1_V3v4_S277_R1_001.fastq.gz";"29_30-09-2020_C1_V3v4_S277_R2_001.fastq.gz"
"290_2020-10-07";"290_07-10-2020_A1_V3v4_S351_R1_001.fastq.gz";"290_07-10-2020_A1_V3v4_S351_R2_001.fastq.gz"
"290_2020-10-15";"290_15-10-2020_A1_V3v4_S311_R1_001.fastq.gz";"290_15-10-2020_A1_V3v4_S311_R2_001.fastq.gz"
"290_2020-09-16";"290_16-09-2020_A1_S111_R1_001.fastq.gz";"290_16-09-2020_A1_S111_R2_001.fastq.gz"
"290_2020-09-24";"290_24-09-2020_A1_S131_R1_001.fastq.gz";"290_24-09-2020_A1_S131_R2_001.fastq.gz"
"290_2020-08-25";"290_26-08-2020_nul_V3v4_S90_R1_001.fastq.gz";"290_26-08-2020_nul_V3v4_S90_R2_001.fastq.gz"
"290_2020-09-30";"290_30-09-2020_A1_V3v4_S247_R1_001.fastq.gz";"290_30-09-2020_A1_V3v4_S247_R2_001.fastq.gz"
"291_2020-10-07";"291_07-10-2020_A1_V3v4_S363_R1_001.fastq.gz";"291_07-10-2020_A1_V3v4_S363_R2_001.fastq.gz"
"291_2020-10-15";"291_15-10-2020_A1_V3v4_S323_R1_001.fastq.gz";"291_15-10-2020_A1_V3v4_S323_R2_001.fastq.gz"
"291_2020-09-16";"291_16-09-2020_A1_S123_R1_001.fastq.gz";"291_16-09-2020_A1_S123_R2_001.fastq.gz"
"291_2020-09-24";"291_24-09-2020_A1_S143_R1_001.fastq.gz";"291_24-09-2020_A1_S143_R2_001.fastq.gz"
"291_2020-08-25";"291_26-08-2020_nul_V3v4_S7_R1_001.fastq.gz";"291_26-08-2020_nul_V3v4_S7_R2_001.fastq.gz"
"291_2020-09-30";"291_30-09-2020_A1_V3v4_S259_R1_001.fastq.gz";"291_30-09-2020_A1_V3v4_S259_R2_001.fastq.gz"
"306_2020-10-07";"306_07-10-2020_B1_V3v4_S375_R1_001.fastq.gz";"306_07-10-2020_B1_V3v4_S375_R2_001.fastq.gz"
"306_2020-10-15";"306_15-10-2020_B1_V3v4_S335_R1_001.fastq.gz";"306_15-10-2020_B1_V3v4_S335_R2_001.fastq.gz"
"306_2020-09-16";"306_16-09-2020_B1_S135_R1_001.fastq.gz";"306_16-09-2020_B1_S135_R2_001.fastq.gz"
"306_2020-09-24";"306_24-09-2020_B1_S155_R1_001.fastq.gz";"306_24-09-2020_B1_S155_R2_001.fastq.gz"
"306_2020-08-25";"306_26-08-2020_nul_V3v4_S19_R1_001.fastq.gz";"306_26-08-2020_nul_V3v4_S19_R2_001.fastq.gz"
"306_2020-09-30";"306_30-09-2020_B1_V3v4_S271_R1_001.fastq.gz";"306_30-09-2020_B1_V3v4_S271_R2_001.fastq.gz"
"312_2020-10-07";"312_07-10-2020_B1_V3v4_S292_R1_001.fastq.gz";"312_07-10-2020_B1_V3v4_S292_R2_001.fastq.gz"
"312_2020-10-15";"312_15-10-2020_B1_V3v4_S347_R1_001.fastq.gz";"312_15-10-2020_B1_V3v4_S347_R2_001.fastq.gz"
"312_2020-09-16";"312_16-09-2020_B1_S147_R1_001.fastq.gz";"312_16-09-2020_B1_S147_R2_001.fastq.gz"
"312_2020-09-24";"312_24-09-2020_B1_S167_R1_001.fastq.gz";"312_24-09-2020_B1_S167_R2_001.fastq.gz"
"312_2020-08-25";"312_26-08-2020_nul_V3v4_S31_R1_001.fastq.gz";"312_26-08-2020_nul_V3v4_S31_R2_001.fastq.gz"
"312_2020-09-30";"312_30-09-2020_B1_V3v4_S283_R1_001.fastq.gz";"312_30-09-2020_B1_V3v4_S283_R2_001.fastq.gz"
"314_2020-10-07";"314_07-10-2020_A1_V3v4_S304_R1_001.fastq.gz";"314_07-10-2020_A1_V3v4_S304_R2_001.fastq.gz"
"314_2020-10-15";"314_15-10-2020_A1_V3v4_S359_R1_001.fastq.gz";"314_15-10-2020_A1_V3v4_S359_R2_001.fastq.gz"
"314_2020-09-16";"314_16-09-2020_A1_S159_R1_001.fastq.gz";"314_16-09-2020_A1_S159_R2_001.fastq.gz"
"314_2020-09-24";"314_24-09-2020_A1_S179_R1_001.fastq.gz";"314_24-09-2020_A1_S179_R2_001.fastq.gz"
"314_2020-08-25";"314_26-08-2020_nul_V3v4_S43_R1_001.fastq.gz";"314_26-08-2020_nul_V3v4_S43_R2_001.fastq.gz"
"314_2020-09-30";"314_30-09-2020_A1_V3v4_S200_R1_001.fastq.gz";"314_30-09-2020_A1_V3v4_S200_R2_001.fastq.gz"
"318_2020-10-07";"318_07-10-2020_B1_V3v4_S316_R1_001.fastq.gz";"318_07-10-2020_B1_V3v4_S316_R2_001.fastq.gz"
"318_2020-10-15";"318_15-10-2020_B1_V3v4_S371_R1_001.fastq.gz";"318_15-10-2020_B1_V3v4_S371_R2_001.fastq.gz"
"318_2020-09-16";"318_16-09-2020_B1_S171_R1_001.fastq.gz";"318_16-09-2020_B1_S171_R2_001.fastq.gz"
"318_2020-09-24";"318_24-09-2020_B1_S191_R1_001.fastq.gz";"318_24-09-2020_B1_S191_R2_001.fastq.gz"
"318_2020-08-25";"318_26-08-2020_nul_V3v4_S55_R1_001.fastq.gz";"318_26-08-2020_nul_V3v4_S55_R2_001.fastq.gz"
"318_2020-09-30";"318_30-09-2020_B1_V3v4_S212_R1_001.fastq.gz";"318_30-09-2020_B1_V3v4_S212_R2_001.fastq.gz"
"319_2020-10-07";"319_07-10-2020_A1_V3v4_S328_R1_001.fastq.gz";"319_07-10-2020_A1_V3v4_S328_R2_001.fastq.gz"
"319_2020-10-15";"319_15-10-2020_A1_V3v4_S383_R1_001.fastq.gz";"319_15-10-2020_A1_V3v4_S383_R2_001.fastq.gz"
"319_2020-09-16";"319_16-09-2020_A1_S183_R1_001.fastq.gz";"319_16-09-2020_A1_S183_R2_001.fastq.gz"
"319_2020-09-24";"319_24-09-2020_A1_S108_R1_001.fastq.gz";"319_24-09-2020_A1_S108_R2_001.fastq.gz"
"319_2020-08-25";"319_26-08-2020_nul_V3v4_S67_R1_001.fastq.gz";"319_26-08-2020_nul_V3v4_S67_R2_001.fastq.gz"
"319_2020-09-30";"319_30-09-2020_A1_V3v4_S224_R1_001.fastq.gz";"319_30-09-2020_A1_V3v4_S224_R2_001.fastq.gz"
"320_2020-10-07";"320_07-10-2020_A1_V3v4_S340_R1_001.fastq.gz";"320_07-10-2020_A1_V3v4_S340_R2_001.fastq.gz"
"320_2020-10-15";"320_15-10-2020_A1_V3v4_S300_R1_001.fastq.gz";"320_15-10-2020_A1_V3v4_S300_R2_001.fastq.gz"
"320_2020-09-16";"320_16-09-2020_A1_S100_R1_001.fastq.gz";"320_16-09-2020_A1_S100_R2_001.fastq.gz"
"320_2020-09-24";"320_24-09-2020_A1_S120_R1_001.fastq.gz";"320_24-09-2020_A1_S120_R2_001.fastq.gz"
"320_2020-08-25";"320_26-08-2020_nul_V3v4_S79_R1_001.fastq.gz";"320_26-08-2020_nul_V3v4_S79_R2_001.fastq.gz"
"320_2020-09-30";"320_30-09-2020_A1_V3v4_S236_R1_001.fastq.gz";"320_30-09-2020_A1_V3v4_S236_R2_001.fastq.gz"
"322_2020-10-07";"322_07-10-2020_B1_V3v4_S352_R1_001.fastq.gz";"322_07-10-2020_B1_V3v4_S352_R2_001.fastq.gz"
"322_2020-10-15";"322_15-10-2020_B1_V3v4_S312_R1_001.fastq.gz";"322_15-10-2020_B1_V3v4_S312_R2_001.fastq.gz"
"322_2020-09-16";"322_16-09-2020_B1_S112_R1_001.fastq.gz";"322_16-09-2020_B1_S112_R2_001.fastq.gz"
"322_2020-09-24";"322_24-09-2020_B1_S132_R1_001.fastq.gz";"322_24-09-2020_B1_S132_R2_001.fastq.gz"
"322_2020-08-25";"322_26-08-2020_nul_V3v4_S91_R1_001.fastq.gz";"322_26-08-2020_nul_V3v4_S91_R2_001.fastq.gz"
"322_2020-09-30";"322_30-09-2020_B1_V3v4_S248_R1_001.fastq.gz";"322_30-09-2020_B1_V3v4_S248_R2_001.fastq.gz"
"325_2020-10-07";"325_07-10-2020_A1_V3v4_S364_R1_001.fastq.gz";"325_07-10-2020_A1_V3v4_S364_R2_001.fastq.gz"
"325_2020-10-15";"325_15-10-2020_A1_V3v4_S324_R1_001.fastq.gz";"325_15-10-2020_A1_V3v4_S324_R2_001.fastq.gz"
"325_2020-09-16";"325_16-09-2020_A1_S124_R1_001.fastq.gz";"325_16-09-2020_A1_S124_R2_001.fastq.gz"
"325_2020-09-24";"325_24-09-2020_A1_S144_R1_001.fastq.gz";"325_24-09-2020_A1_S144_R2_001.fastq.gz"
"325_2020-08-25";"325_26-08-2020_nul_V3v4_S8_R1_001.fastq.gz";"325_26-08-2020_nul_V3v4_S8_R2_001.fastq.gz"
"325_2020-09-30";"325_30-09-2020_A1_V3v4_S260_R1_001.fastq.gz";"325_30-09-2020_A1_V3v4_S260_R2_001.fastq.gz"
"326_2020-10-07";"326_07-10-2020_A1_V3v4_S376_R1_001.fastq.gz";"326_07-10-2020_A1_V3v4_S376_R2_001.fastq.gz"
"326_2020-10-15";"326_15-10-2020_A1_V3v4_S336_R1_001.fastq.gz";"326_15-10-2020_A1_V3v4_S336_R2_001.fastq.gz"
"326_2020-09-16";"326_16-09-2020_A1_S136_R1_001.fastq.gz";"326_16-09-2020_A1_S136_R2_001.fastq.gz"
"326_2020-09-24";"326_24-09-2020_A1_S156_R1_001.fastq.gz";"326_24-09-2020_A1_S156_R2_001.fastq.gz"
"326_2020-08-25";"326_26-08-2020_nul_V3v4_S20_R1_001.fastq.gz";"326_26-08-2020_nul_V3v4_S20_R2_001.fastq.gz"
"326_2020-09-30";"326_30-09-2020_A1_V3v4_S272_R1_001.fastq.gz";"326_30-09-2020_A1_V3v4_S272_R2_001.fastq.gz"
"329_2020-10-07";"329_07-10-2020_B1_V3v4_S293_R1_001.fastq.gz";"329_07-10-2020_B1_V3v4_S293_R2_001.fastq.gz"
"329_2020-10-15";"329_15-10-2020_B1_V3v4_S348_R1_001.fastq.gz";"329_15-10-2020_B1_V3v4_S348_R2_001.fastq.gz"
"329_2020-09-16";"329_16-09-2020_B1_S148_R1_001.fastq.gz";"329_16-09-2020_B1_S148_R2_001.fastq.gz"
"329_2020-09-24";"329_24-09-2020_B1_V3v4_S193_R1_001.fastq.gz";"329_24-09-2020_B1_V3v4_S193_R2_001.fastq.gz"
"329_2020-08-25";"329_26-08-2020_nul_V3v4_S32_R1_001.fastq.gz";"329_26-08-2020_nul_V3v4_S32_R2_001.fastq.gz"
"329_2020-09-30";"329_30-09-2020_B1_V3v4_S284_R1_001.fastq.gz";"329_30-09-2020_B1_V3v4_S284_R2_001.fastq.gz"
"33_2020-10-07";"33_07-10-2020_C1_V3v4_S285_R1_001.fastq.gz";"33_07-10-2020_C1_V3v4_S285_R2_001.fastq.gz"
"33_2020-10-15";"33_15-10-2020_C1_V3v4_S294_R1_001.fastq.gz";"33_15-10-2020_C1_V3v4_S294_R2_001.fastq.gz"
"33_2020-09-16";"33_16-09-2020_C1_V3v4_S33_R1_001.fastq.gz";"33_16-09-2020_C1_V3v4_S33_R2_001.fastq.gz"
"33_2020-09-24";"33_24-09-2020_C1_S149_R1_001.fastq.gz";"33_24-09-2020_C1_S149_R2_001.fastq.gz"
"33_2020-08-25";"33_25-08-2020_nul_V3v4_S13_R1_001.fastq.gz";"33_25-08-2020_nul_V3v4_S13_R2_001.fastq.gz"
"33_2020-09-30";"33_30-09-2020_C1_V3v4_S194_R1_001.fastq.gz";"33_30-09-2020_C1_V3v4_S194_R2_001.fastq.gz"
"331_2020-10-07";"331_07-10-2020_B1_V3v4_S305_R1_001.fastq.gz";"331_07-10-2020_B1_V3v4_S305_R2_001.fastq.gz"
"331_2020-10-15";"331_15-10-2020_B1_V3v4_S44_R1_001.fastq.gz";"331_15-10-2020_B1_V3v4_S44_R2_001.fastq.gz"
"331_2020-09-16";"331_16-09-2020_B1_S160_R1_001.fastq.gz";"331_16-09-2020_B1_S160_R2_001.fastq.gz"
"331_2020-09-24";"331_24-09-2020_B1_V3v4_S205_R1_001.fastq.gz";"331_24-09-2020_B1_V3v4_S205_R2_001.fastq.gz"
"331_2020-09-30";"331_30-09-2020_B1_V3v4_S201_R1_001.fastq.gz";"331_30-09-2020_B1_V3v4_S201_R2_001.fastq.gz"
"332_2020-10-07";"332_07-10-2020_A1_V3v4_S317_R1_001.fastq.gz";"332_07-10-2020_A1_V3v4_S317_R2_001.fastq.gz"
"332_2020-10-15";"332_15-10-2020_A1_V3v4_S56_R1_001.fastq.gz";"332_15-10-2020_A1_V3v4_S56_R2_001.fastq.gz"
"332_2020-09-16";"332_16-09-2020_A1_S172_R1_001.fastq.gz";"332_16-09-2020_A1_S172_R2_001.fastq.gz"
"332_2020-09-24";"332_24-09-2020_A1_V3v4_S217_R1_001.fastq.gz";"332_24-09-2020_A1_V3v4_S217_R2_001.fastq.gz"
"332_2020-09-30";"332_30-09-2020_A1_V3v4_S213_R1_001.fastq.gz";"332_30-09-2020_A1_V3v4_S213_R2_001.fastq.gz"
"37_2020-10-07";"37_07-10-2020_C1_V3v4_S202_R1_001.fastq.gz";"37_07-10-2020_C1_V3v4_S202_R2_001.fastq.gz"
"37_2020-10-15";"37_15-10-2020_C1_V3v4_S306_R1_001.fastq.gz";"37_15-10-2020_C1_V3v4_S306_R2_001.fastq.gz"
"37_2020-09-16";"37_16-09-2020_C1_V3v4_S45_R1_001.fastq.gz";"37_16-09-2020_C1_V3v4_S45_R2_001.fastq.gz"
"37_2020-09-24";"37_24-09-2020_C1_S161_R1_001.fastq.gz";"37_24-09-2020_C1_S161_R2_001.fastq.gz"
"37_2020-08-25";"37_25-08-2020_nul_V3v4_S25_R1_001.fastq.gz";"37_25-08-2020_nul_V3v4_S25_R2_001.fastq.gz"
"37_2020-09-30";"37_30-09-2020_C1_V3v4_S206_R1_001.fastq.gz";"37_30-09-2020_C1_V3v4_S206_R2_001.fastq.gz"
"42_2020-10-07";"42_07-10-2020_C1_V3v4_S214_R1_001.fastq.gz";"42_07-10-2020_C1_V3v4_S214_R2_001.fastq.gz"
"42_2020-10-15";"42_15-10-2020_C1_V3v4_S318_R1_001.fastq.gz";"42_15-10-2020_C1_V3v4_S318_R2_001.fastq.gz"
"42_2020-09-16";"42_16-09-2020_C1_V3v4_S57_R1_001.fastq.gz";"42_16-09-2020_C1_V3v4_S57_R2_001.fastq.gz"
"42_2020-09-24";"42_24-09-2020_C1_S173_R1_001.fastq.gz";"42_24-09-2020_C1_S173_R2_001.fastq.gz"
"42_2020-08-25";"42_25-08-2020_nul_V3v4_S37_R1_001.fastq.gz";"42_25-08-2020_nul_V3v4_S37_R2_001.fastq.gz"
"42_2020-09-30";"42_30-09-2020_C1_V3v4_S218_R1_001.fastq.gz";"42_30-09-2020_C1_V3v4_S218_R2_001.fastq.gz"
"47_2020-10-07";"47_07-10-2020_C1_V3v4_S226_R1_001.fastq.gz";"47_07-10-2020_C1_V3v4_S226_R2_001.fastq.gz"
"47_2020-10-15";"47_15-10-2020_C1_V3v4_S330_R1_001.fastq.gz";"47_15-10-2020_C1_V3v4_S330_R2_001.fastq.gz"
"47_2020-09-16";"47_16-09-2020_C1_V3v4_S69_R1_001.fastq.gz";"47_16-09-2020_C1_V3v4_S69_R2_001.fastq.gz"
"47_2020-09-24";"47_24-09-2020_C1_S185_R1_001.fastq.gz";"47_24-09-2020_C1_S185_R2_001.fastq.gz"
"47_2020-08-25";"47_25-08-2020_nul_V3v4_S49_R1_001.fastq.gz";"47_25-08-2020_nul_V3v4_S49_R2_001.fastq.gz"
"47_2020-09-30";"47_30-09-2020_C1_V3v4_S230_R1_001.fastq.gz";"47_30-09-2020_C1_V3v4_S230_R2_001.fastq.gz"
"50_2020-10-07";"50_07-10-2020_C1_V3v4_S238_R1_001.fastq.gz";"50_07-10-2020_C1_V3v4_S238_R2_001.fastq.gz"
"50_2020-10-15";"50_15-10-2020_C1_V3v4_S342_R1_001.fastq.gz";"50_15-10-2020_C1_V3v4_S342_R2_001.fastq.gz"
"50_2020-09-16";"50_16-09-2020_C1_V3v4_S81_R1_001.fastq.gz";"50_16-09-2020_C1_V3v4_S81_R2_001.fastq.gz"
"50_2020-09-24";"50_24-09-2020_C1_S102_R1_001.fastq.gz";"50_24-09-2020_C1_S102_R2_001.fastq.gz"
"50_2020-08-25";"50_25-08-2020_nul_V3v4_S61_R1_001.fastq.gz";"50_25-08-2020_nul_V3v4_S61_R2_001.fastq.gz"
"50_2020-09-30";"50_30-09-2020_C1_V3v4_S242_R1_001.fastq.gz";"50_30-09-2020_C1_V3v4_S242_R2_001.fastq.gz"
"51_2020-10-07";"51_07-10-2020_C1_V3v4_S250_R1_001.fastq.gz";"51_07-10-2020_C1_V3v4_S250_R2_001.fastq.gz"
"51_2020-10-15";"51_15-10-2020_C1_V3v4_S354_R1_001.fastq.gz";"51_15-10-2020_C1_V3v4_S354_R2_001.fastq.gz"
"51_2020-09-16";"51_16-09-2020_C1_V3v4_S93_R1_001.fastq.gz";"51_16-09-2020_C1_V3v4_S93_R2_001.fastq.gz"
"51_2020-09-24";"51_24-09-2020_C1_S114_R1_001.fastq.gz";"51_24-09-2020_C1_S114_R2_001.fastq.gz"
"51_2020-08-25";"51_25-08-2020_nul_V3v4_S73_R1_001.fastq.gz";"51_25-08-2020_nul_V3v4_S73_R2_001.fastq.gz"
"51_2020-09-30";"51_30-09-2020_C1_V3v4_S254_R1_001.fastq.gz";"51_30-09-2020_C1_V3v4_S254_R2_001.fastq.gz"
"56_2020-10-07";"56_07-10-2020_C1_V3v4_S262_R1_001.fastq.gz";"56_07-10-2020_C1_V3v4_S262_R2_001.fastq.gz"
"56_2020-10-15";"56_15-10-2020_C1_V3v4_S366_R1_001.fastq.gz";"56_15-10-2020_C1_V3v4_S366_R2_001.fastq.gz"
"56_2020-09-16";"56_16-09-2020_C1_V3v4_S10_R1_001.fastq.gz";"56_16-09-2020_C1_V3v4_S10_R2_001.fastq.gz"
"56_2020-09-24";"56_24-09-2020_C1_S126_R1_001.fastq.gz";"56_24-09-2020_C1_S126_R2_001.fastq.gz"
"56_2020-08-25";"56_25-08-2020_nul_V3v4_S85_R1_001.fastq.gz";"56_25-08-2020_nul_V3v4_S85_R2_001.fastq.gz"
"56_2020-09-30";"56_30-09-2020_C1_V3v4_S266_R1_001.fastq.gz";"56_30-09-2020_C1_V3v4_S266_R2_001.fastq.gz"
"58_2020-10-07";"58_07-10-2020_C1_V3v4_S274_R1_001.fastq.gz";"58_07-10-2020_C1_V3v4_S274_R2_001.fastq.gz"
"58_2020-10-15";"58_15-10-2020_C1_V3v4_S378_R1_001.fastq.gz";"58_15-10-2020_C1_V3v4_S378_R2_001.fastq.gz"
"58_2020-09-16";"58_16-09-2020_C1_V3v4_S22_R1_001.fastq.gz";"58_16-09-2020_C1_V3v4_S22_R2_001.fastq.gz"
"58_2020-09-24";"58_24-09-2020_C1_S138_R1_001.fastq.gz";"58_24-09-2020_C1_S138_R2_001.fastq.gz"
"58_2020-08-25";"58_25-08-2020_nul_V3v4_S2_R1_001.fastq.gz";"58_25-08-2020_nul_V3v4_S2_R2_001.fastq.gz"
"58_2020-09-30";"58_30-09-2020_C1_V3v4_S278_R1_001.fastq.gz";"58_30-09-2020_C1_V3v4_S278_R2_001.fastq.gz"
"61_2020-10-07";"61_07-10-2020_C1_V3v4_S286_R1_001.fastq.gz";"61_07-10-2020_C1_V3v4_S286_R2_001.fastq.gz"
"61_2020-10-15";"61_15-10-2020_C1_V3v4_S295_R1_001.fastq.gz";"61_15-10-2020_C1_V3v4_S295_R2_001.fastq.gz"
"61_2020-09-16";"61_16-09-2020_C1_V3v4_S34_R1_001.fastq.gz";"61_16-09-2020_C1_V3v4_S34_R2_001.fastq.gz"
"61_2020-09-24";"61_24-09-2020_C1_S150_R1_001.fastq.gz";"61_24-09-2020_C1_S150_R2_001.fastq.gz"
"61_2020-08-25";"61_25-08-2020_nul_V3v4_S14_R1_001.fastq.gz";"61_25-08-2020_nul_V3v4_S14_R2_001.fastq.gz"
"61_2020-09-30";"61_30-09-2020_C1_V3v4_S195_R1_001.fastq.gz";"61_30-09-2020_C1_V3v4_S195_R2_001.fastq.gz"
"65_2020-10-07";"65_07-10-2020_B1_V3v4_S203_R1_001.fastq.gz";"65_07-10-2020_B1_V3v4_S203_R2_001.fastq.gz"
"65_2020-10-15";"65_15-10-2020_B1_V3v4_S307_R1_001.fastq.gz";"65_15-10-2020_B1_V3v4_S307_R2_001.fastq.gz"
"65_2020-09-16";"65_16-09-2020_B1_V3v4_S46_R1_001.fastq.gz";"65_16-09-2020_B1_V3v4_S46_R2_001.fastq.gz"
"65_2020-09-24";"65_24-09-2020_B1_S162_R1_001.fastq.gz";"65_24-09-2020_B1_S162_R2_001.fastq.gz"
"65_2020-08-25";"65_25-08-2020_nul_V3v4_S26_R1_001.fastq.gz";"65_25-08-2020_nul_V3v4_S26_R2_001.fastq.gz"
"65_2020-09-30";"65_30-09-2020_B1_V3v4_S207_R1_001.fastq.gz";"65_30-09-2020_B1_V3v4_S207_R2_001.fastq.gz"
"68_2020-10-07";"68_07-10-2020_B1_V3v4_S215_R1_001.fastq.gz";"68_07-10-2020_B1_V3v4_S215_R2_001.fastq.gz"
"68_2020-10-15";"68_15-10-2020_B1_V3v4_S319_R1_001.fastq.gz";"68_15-10-2020_B1_V3v4_S319_R2_001.fastq.gz"
"68_2020-09-16";"68_16-09-2020_B1_V3v4_S58_R1_001.fastq.gz";"68_16-09-2020_B1_V3v4_S58_R2_001.fastq.gz"
"68_2020-09-24";"68_24-09-2020_B1_S174_R1_001.fastq.gz";"68_24-09-2020_B1_S174_R2_001.fastq.gz"
"68_2020-08-25";"68_25-08-2020_nul_V3v4_S38_R1_001.fastq.gz";"68_25-08-2020_nul_V3v4_S38_R2_001.fastq.gz"
"68_2020-09-30";"68_30-09-2020_B1_V3v4_S219_R1_001.fastq.gz";"68_30-09-2020_B1_V3v4_S219_R2_001.fastq.gz"
"73_2020-10-07";"73_07-10-2020_A1_V3v4_S227_R1_001.fastq.gz";"73_07-10-2020_A1_V3v4_S227_R2_001.fastq.gz"
"73_2020-10-15";"73_15-10-2020_A1_V3v4_S331_R1_001.fastq.gz";"73_15-10-2020_A1_V3v4_S331_R2_001.fastq.gz"
"73_2020-09-16";"73_16-09-2020_A1_V3v4_S70_R1_001.fastq.gz";"73_16-09-2020_A1_V3v4_S70_R2_001.fastq.gz"
"73_2020-09-24";"73_24-09-2020_A1_S186_R1_001.fastq.gz";"73_24-09-2020_A1_S186_R2_001.fastq.gz"
"73_2020-08-25";"73_25-08-2020_nul_V3v4_S50_R1_001.fastq.gz";"73_25-08-2020_nul_V3v4_S50_R2_001.fastq.gz"
"73_2020-09-30";"73_30-09-2020_A1_V3v4_S231_R1_001.fastq.gz";"73_30-09-2020_A1_V3v4_S231_R2_001.fastq.gz"
"80_2020-09-16";"80_16-09-2020_B1_V3v4_S82_R1_001.fastq.gz";"80_16-09-2020_B1_V3v4_S82_R2_001.fastq.gz"
"80_2020-09-24";"80_24-09-2020_B1_S103_R1_001.fastq.gz";"80_24-09-2020_B1_S103_R2_001.fastq.gz"
"80_2020-08-25";"80_25-08-2020_nul_V3v4_S62_R1_001.fastq.gz";"80_25-08-2020_nul_V3v4_S62_R2_001.fastq.gz"
"86_2020-10-07";"86_07-10-2020_C1_V3v4_S239_R1_001.fastq.gz";"86_07-10-2020_C1_V3v4_S239_R2_001.fastq.gz"
"86_2020-10-15";"86_15-10-2020_C1_V3v4_S343_R1_001.fastq.gz";"86_15-10-2020_C1_V3v4_S343_R2_001.fastq.gz"
"86_2020-09-16";"86_16-09-2020_C1_V3v4_S94_R1_001.fastq.gz";"86_16-09-2020_C1_V3v4_S94_R2_001.fastq.gz"
"86_2020-09-24";"86_24-09-2020_C1_S115_R1_001.fastq.gz";"86_24-09-2020_C1_S115_R2_001.fastq.gz"
"86_2020-08-25";"86_25-08-2020_nul_V3v4_S74_R1_001.fastq.gz";"86_25-08-2020_nul_V3v4_S74_R2_001.fastq.gz"
"86_2020-09-30";"86_30-09-2020_C1_V3v4_S243_R1_001.fastq.gz";"86_30-09-2020_C1_V3v4_S243_R2_001.fastq.gz"
"87_2020-10-07";"87_07-10-2020_C1_V3v4_S251_R1_001.fastq.gz";"87_07-10-2020_C1_V3v4_S251_R2_001.fastq.gz"
"87_2020-10-15";"87_15-10-2020_C1_V3v4_S355_R1_001.fastq.gz";"87_15-10-2020_C1_V3v4_S355_R2_001.fastq.gz"
"87_2020-09-16";"87_16-09-2020_C1_V3v4_S11_R1_001.fastq.gz";"87_16-09-2020_C1_V3v4_S11_R2_001.fastq.gz"
"87_2020-09-24";"87_24-09-2020_C1_S127_R1_001.fastq.gz";"87_24-09-2020_C1_S127_R2_001.fastq.gz"
"87_2020-08-25";"87_25-08-2020_nul_V3v4_S86_R1_001.fastq.gz";"87_25-08-2020_nul_V3v4_S86_R2_001.fastq.gz"
"87_2020-09-30";"87_30-09-2020_C1_V3v4_S255_R1_001.fastq.gz";"87_30-09-2020_C1_V3v4_S255_R2_001.fastq.gz"
"114_2020-11-03";"114_03-11-2020_A1_S28_R1_001.fastq.gz";"114_03-11-2020_A1_S28_R2_001.fastq.gz"
"114_2020-12-16";"114_16-12-2020_A1_S134_R1_001.fastq.gz";"114_16-12-2020_A1_S134_R2_001.fastq.gz"
"114_2020-11-24";"114_24-11-2020_A1_S63_R1_001.fastq.gz";"114_24-11-2020_A1_S63_R2_001.fastq.gz"
"123_2020-11-03";"123_03-11-2020_A1_S33_R1_001.fastq.gz";"123_03-11-2020_A1_S33_R2_001.fastq.gz"
"123_2020-11-24";"123_24-11-2020_A1_S67_R1_001.fastq.gz";"123_24-11-2020_A1_S67_R2_001.fastq.gz"
"13_2020-11-03";"13_03-11-2020_C1_S1_R1_001.fastq.gz";"13_03-11-2020_C1_S1_R2_001.fastq.gz"
"13_2020-12-16";"13_16-12-2020_C1_S144_R1_001.fastq.gz";"13_16-12-2020_C1_S144_R2_001.fastq.gz"
"13_2020-11-24";"13_24-11-2020_C1_S108_R1_001.fastq.gz";"13_24-11-2020_C1_S108_R2_001.fastq.gz"
"143_2020-11-03";"143_03-11-2020_A1_S38_R1_001.fastq.gz";"143_03-11-2020_A1_S38_R2_001.fastq.gz"
"143_2020-12-16";"143_16-12-2020_A1_S100_R1_001.fastq.gz";"143_16-12-2020_A1_S100_R2_001.fastq.gz"
"143_2020-11-24";"143_24-11-2020_A1_S71_R1_001.fastq.gz";"143_24-11-2020_A1_S71_R2_001.fastq.gz"
"156_2020-11-03";"156_03-11-2020_A1_S14_R1_001.fastq.gz";"156_03-11-2020_A1_S14_R2_001.fastq.gz"
"156_2020-12-16";"156_16-12-2020_A1_S105_R1_001.fastq.gz";"156_16-12-2020_A1_S105_R2_001.fastq.gz"
"156_2020-11-24";"156_24-11-2020_A1_S44_R1_001.fastq.gz";"156_24-11-2020_A1_S44_R2_001.fastq.gz"
"16_2020-08-25";"";""
"17_2020-11-03";"17_03-11-2020_C1_S11_R1_001.fastq.gz";"17_03-11-2020_C1_S11_R2_001.fastq.gz"
"17_2020-12-16";"17_16-12-2020_C1_S148_R1_001.fastq.gz";"17_16-12-2020_C1_S148_R2_001.fastq.gz"
"17_2020-11-24";"17_24-11-2020_C1_S113_R1_001.fastq.gz";"17_24-11-2020_C1_S113_R2_001.fastq.gz"
"177_2020-11-03";"177_03-11-2020_A1_S39_R1_001.fastq.gz";"177_03-11-2020_A1_S39_R2_001.fastq.gz"
"177_2020-12-16";"177_16-12-2020_A1_S110_R1_001.fastq.gz";"177_16-12-2020_A1_S110_R2_001.fastq.gz"
"177_2020-11-24";"177_24-11-2020_A1_S48_R1_001.fastq.gz";"177_24-11-2020_A1_S48_R2_001.fastq.gz"
"191_2020-11-03";"191_03-11-2020_A1_S5_R1_001.fastq.gz";"191_03-11-2020_A1_S5_R2_001.fastq.gz"
"191_2020-12-16";"191_16-12-2020_A1_S115_R1_001.fastq.gz";"191_16-12-2020_A1_S115_R2_001.fastq.gz"
"191_2020-11-24";"191_24-11-2020_A1_S52_R1_001.fastq.gz";"191_24-11-2020_A1_S52_R2_001.fastq.gz"
"235_2020-11-03";"235_03-11-2020_A1_S25_R1_001.fastq.gz";"235_03-11-2020_A1_S25_R2_001.fastq.gz"
"235_2020-12-16";"235_16-12-2020_A1_S120_R1_001.fastq.gz";"235_16-12-2020_A1_S120_R2_001.fastq.gz"
"235_2020-11-24";"235_24-11-2020_A1_S56_R1_001.fastq.gz";"235_24-11-2020_A1_S56_R2_001.fastq.gz"
"26_2020-11-03";"26_03-11-2020_C1_S16_R1_001.fastq.gz";"26_03-11-2020_C1_S16_R2_001.fastq.gz"
"26_2020-12-16";"26_16-12-2020_C1_S152_R1_001.fastq.gz";"26_16-12-2020_C1_S152_R2_001.fastq.gz"
"26_2020-11-24";"26_24-11-2020_C1_S118_R1_001.fastq.gz";"26_24-11-2020_C1_S118_R2_001.fastq.gz"
"260_2020-11-03";"260_03-11-2020_A1_S45_R1_001.fastq.gz";"260_03-11-2020_A1_S45_R2_001.fastq.gz"
"260_2020-12-16";"260_16-12-2020_A1_S125_R1_001.fastq.gz";"260_16-12-2020_A1_S125_R2_001.fastq.gz"
"260_2020-11-24";"260_24-11-2020_A1_S60_R1_001.fastq.gz";"260_24-11-2020_A1_S60_R2_001.fastq.gz"
"277_2020-11-03";"277_03-11-2020_A1_S61_R1_001.fastq.gz";"277_03-11-2020_A1_S61_R2_001.fastq.gz"
"277_2020-12-16";"277_16-12-2020_A1_S130_R1_001.fastq.gz";"277_16-12-2020_A1_S130_R2_001.fastq.gz"
"277_2020-11-24";"277_24-11-2020_A1_S64_R1_001.fastq.gz";"277_24-11-2020_A1_S64_R2_001.fastq.gz"
"280_2020-11-03";"280_03-11-2020_A1_S65_R1_001.fastq.gz";"280_03-11-2020_A1_S65_R2_001.fastq.gz"
"280_2020-12-16";"280_16-12-2020_A1_S135_R1_001.fastq.gz";"280_16-12-2020_A1_S135_R2_001.fastq.gz"
"280_2020-11-24";"280_24-11-2020_A1_S68_R1_001.fastq.gz";"280_24-11-2020_A1_S68_R2_001.fastq.gz"
"29_2020-11-03";"29_03-11-2020_C1_S21_R1_001.fastq.gz";"29_03-11-2020_C1_S21_R2_001.fastq.gz"
"29_2020-12-16";"29_16-12-2020_C1_S156_R1_001.fastq.gz";"29_16-12-2020_C1_S156_R2_001.fastq.gz"
"29_2020-11-24";"29_24-11-2020_C1_S123_R1_001.fastq.gz";"29_24-11-2020_C1_S123_R2_001.fastq.gz"
"290_2020-11-03";"290_03-11-2020_A1_S69_R1_001.fastq.gz";"290_03-11-2020_A1_S69_R2_001.fastq.gz"
"290_2020-12-16";"290_16-12-2020_A1_S101_R1_001.fastq.gz";"290_16-12-2020_A1_S101_R2_001.fastq.gz"
"290_2020-11-24";"290_24-11-2020_A1_S72_R1_001.fastq.gz";"290_24-11-2020_A1_S72_R2_001.fastq.gz"
"291_2020-11-03";"291_03-11-2020_A1_S42_R1_001.fastq.gz";"291_03-11-2020_A1_S42_R2_001.fastq.gz"
"291_2020-12-16";"291_16-12-2020_A1_S106_R1_001.fastq.gz";"291_16-12-2020_A1_S106_R2_001.fastq.gz"
"291_2020-11-24";"291_24-11-2020_A1_S73_R1_001.fastq.gz";"291_24-11-2020_A1_S73_R2_001.fastq.gz"
"314_2020-11-03";"314_03-11-2020_A1_S54_R1_001.fastq.gz";"314_03-11-2020_A1_S54_R2_001.fastq.gz"
"314_2020-12-16";"314_16-12-2020_A1_S111_R1_001.fastq.gz";"314_16-12-2020_A1_S111_R2_001.fastq.gz"
"314_2020-11-24";"314_24-11-2020_A1_S76_R1_001.fastq.gz";"314_24-11-2020_A1_S76_R2_001.fastq.gz"
"319_2020-11-03";"319_03-11-2020_A1_S62_R1_001.fastq.gz";"319_03-11-2020_A1_S62_R2_001.fastq.gz"
"319_2020-12-16";"319_16-12-2020_A1_S116_R1_001.fastq.gz";"319_16-12-2020_A1_S116_R2_001.fastq.gz"
"319_2020-11-24";"319_24-11-2020_A1_S79_R1_001.fastq.gz";"319_24-11-2020_A1_S79_R2_001.fastq.gz"
"320_2020-11-03";"320_03-11-2020_A1_S66_R1_001.fastq.gz";"320_03-11-2020_A1_S66_R2_001.fastq.gz"
"320_2020-12-16";"320_16-12-2020_A1_S121_R1_001.fastq.gz";"320_16-12-2020_A1_S121_R2_001.fastq.gz"
"320_2020-11-24";"320_24-11-2020_A1_S82_R1_001.fastq.gz";"320_24-11-2020_A1_S82_R2_001.fastq.gz"
"325_2020-11-03";"325_03-11-2020_A1_S70_R1_001.fastq.gz";"325_03-11-2020_A1_S70_R2_001.fastq.gz"
"325_2020-12-16";"325_16-12-2020_A1_S126_R1_001.fastq.gz";"325_16-12-2020_A1_S126_R2_001.fastq.gz"
"325_2020-11-24";"325_24-11-2020_A1_S85_R1_001.fastq.gz";"325_24-11-2020_A1_S85_R2_001.fastq.gz"
"326_2020-11-03";"326_03-11-2020_A1_S43_R1_001.fastq.gz";"326_03-11-2020_A1_S43_R2_001.fastq.gz"
"326_2020-12-16";"326_16-12-2020_A1_S131_R1_001.fastq.gz";"326_16-12-2020_A1_S131_R2_001.fastq.gz"
"326_2020-11-24";"326_24-11-2020_A1_S88_R1_001.fastq.gz";"326_24-11-2020_A1_S88_R2_001.fastq.gz"
"33_2020-11-03";"33_03-11-2020_C2_S26_R1_001.fastq.gz";"33_03-11-2020_C2_S26_R2_001.fastq.gz"
"33_2020-12-16";"33_16-12-2020_C2_S169_R1_001.fastq.gz";"33_16-12-2020_C2_S169_R2_001.fastq.gz"
"33_2020-11-24";"33_24-11-2020_C2_S99_R1_001.fastq.gz";"33_24-11-2020_C2_S99_R2_001.fastq.gz"
"332_2020-11-03";"332_03-11-2020_A1_S55_R1_001.fastq.gz";"332_03-11-2020_A1_S55_R2_001.fastq.gz"
"332_2020-11-24";"332_24-11-2020_A1_S91_R1_001.fastq.gz";"332_24-11-2020_A1_S91_R2_001.fastq.gz"
"37_2020-11-03";"37_03-11-2020_C2_S31_R1_001.fastq.gz";"37_03-11-2020_C2_S31_R2_001.fastq.gz"
"37_2020-12-16";"37_16-12-2020_C2_S170_R1_001.fastq.gz";"37_16-12-2020_C2_S170_R2_001.fastq.gz"
"37_2020-11-24";"37_24-11-2020_C2_S104_R1_001.fastq.gz";"37_24-11-2020_C2_S104_R2_001.fastq.gz"
"42_2020-11-03";"42_03-11-2020_C1_S36_R1_001.fastq.gz";"42_03-11-2020_C1_S36_R2_001.fastq.gz"
"42_2020-12-16";"42_16-12-2020_C1_S160_R1_001.fastq.gz";"42_16-12-2020_C1_S160_R2_001.fastq.gz"
"42_2020-11-24";"42_24-11-2020_C1_S128_R1_001.fastq.gz";"42_24-11-2020_C1_S128_R2_001.fastq.gz"
"47_2020-11-03";"47_03-11-2020_C2_S2_R1_001.fastq.gz";"47_03-11-2020_C2_S2_R2_001.fastq.gz"
"47_2020-12-16";"47_16-12-2020_C2_S171_R1_001.fastq.gz";"47_16-12-2020_C2_S171_R2_001.fastq.gz"
"47_2020-11-24";"47_24-11-2020_C2_S109_R1_001.fastq.gz";"47_24-11-2020_C2_S109_R2_001.fastq.gz"
"50_2020-11-03";"50_03-11-2020_C2_S7_R1_001.fastq.gz";"50_03-11-2020_C2_S7_R2_001.fastq.gz"
"50_2020-12-16";"50_16-12-2020_C2_S172_R1_001.fastq.gz";"50_16-12-2020_C2_S172_R2_001.fastq.gz"
"50_2020-11-24";"50_24-11-2020_C2_S114_R1_001.fastq.gz";"50_24-11-2020_C2_S114_R2_001.fastq.gz"
"51_2020-11-03";"51_03-11-2020_C2_S12_R1_001.fastq.gz";"51_03-11-2020_C2_S12_R2_001.fastq.gz"
"56_2020-11-03";"56_03-11-2020_C2_S17_R1_001.fastq.gz";"56_03-11-2020_C2_S17_R2_001.fastq.gz"
"56_2020-12-16";"56_16-12-2020_C2_S173_R1_001.fastq.gz";"56_16-12-2020_C2_S173_R2_001.fastq.gz"
"56_2020-11-24";"56_24-11-2020_C2_S119_R1_001.fastq.gz";"56_24-11-2020_C2_S119_R2_001.fastq.gz"
"58_2020-11-03";"58_03-11-2020_C2_S22_R1_001.fastq.gz";"58_03-11-2020_C2_S22_R2_001.fastq.gz"
"58_2020-12-16";"58_16-12-2020_C2_S174_R1_001.fastq.gz";"58_16-12-2020_C2_S174_R2_001.fastq.gz"
"58_2020-11-24";"58_24-11-2020_C2_S124_R1_001.fastq.gz";"58_24-11-2020_C2_S124_R2_001.fastq.gz"
"61_2020-11-03";"61_03-11-2020_C1_S27_R1_001.fastq.gz";"61_03-11-2020_C1_S27_R2_001.fastq.gz"
"61_2020-12-16";"61_16-12-2020_C1_S164_R1_001.fastq.gz";"61_16-12-2020_C1_S164_R2_001.fastq.gz"
"61_2020-11-24";"61_24-11-2020_C1_S133_R1_001.fastq.gz";"61_24-11-2020_C1_S133_R2_001.fastq.gz"
"73_2020-11-03";"73_03-11-2020_A1_S3_R1_001.fastq.gz";"73_03-11-2020_A1_S3_R2_001.fastq.gz"
"73_2020-12-16";"73_16-12-2020_A1_S129_R1_001.fastq.gz";"73_16-12-2020_A1_S129_R2_001.fastq.gz"
"73_2020-11-24";"73_24-11-2020_A1_S59_R1_001.fastq.gz";"73_24-11-2020_A1_S59_R2_001.fastq.gz"
"86_2020-11-03";"86_03-11-2020_C1_S8_R1_001.fastq.gz";"86_03-11-2020_C1_S8_R2_001.fastq.gz"
"86_2020-12-16";"86_16-12-2020_C1_S168_R1_001.fastq.gz";"86_16-12-2020_C1_S168_R2_001.fastq.gz"
"87_2020-11-03";"87_03-11-2020_C2_S13_R1_001.fastq.gz";"87_03-11-2020_C2_S13_R2_001.fastq.gz"
"87_2020-12-16";"87_16-12-2020_C2_S175_R1_001.fastq.gz";"87_16-12-2020_C2_S175_R2_001.fastq.gz"
"87_2020-11-24";"";""
